score,priority_tier,priority_reasons,is_senior,title,company,source,location,regions,posted_at,salary,tags,url,uid
65,ANZ,"ANZ, Europe, remote",False,Software Quality Operations Specialist - Australia/Canada,Waymo,Arbeitnow,London,"ANZ, Europe",2026-10-07,,Triage (SQW),https://www.arbeitnow.co.uk/jobs/companies/waymo/software-quality-operations-specialist-australia-canada-london-189631,64a06d5e3e4933fa
53,ANZ,"ANZ, senior, remote",True,Senior Quality Engineer,Karbon,Jobicy,Australia,ANZ,2026-10-05,,"Senior, QA & Testing",https://jobicy.com/jobs/154616-senior-quality-engineer-2,b99176b53f850e10
48,SEA/Asia,"SEA/Asia, remote, salary",False,Ads Quality Rater - Filipino (Philippines),Welo Global,Jobicy,Philippines,SEA,2026-10-06,4 - 4,QA & Testing,https://jobicy.com/jobs/154743-ads-quality-rater-filipino-philippines,8323c905ba8c9b69
33,Europe,"Europe, senior, remote",True,"Senior QA Engineer (Berlin, hybrid)",Kittl,Arbeitnow,Berlin,Europe,2026-10-07,,"Engineering, professional / experienced",https://www.arbeitnow.com/jobs/companies/kittl/senior-qa-engineer-berlin-hybrid-138845,592b99f08eb1627f
28,Europe,"Europe, remote, salary",False,Test a Streaming Platform in France,Testlio,Jobicy,France,Europe,2026-10-08,USD18 - USD18,QA & Testing,https://jobicy.com/jobs/152737-test-a-streaming-platform-in-france,84604c7254df9e45
25,Europe,"Europe, remote",False,Software Quality Operations Specialist - Germany/Spain,Waymo,Arbeitnow,London,Europe,2026-10-07,,Triage (SQW),https://www.arbeitnow.co.uk/jobs/companies/waymo/software-quality-operations-specialist-germany-spain-london-310178,92b4aee8a178288b
25,Europe,"Europe, remote",False,Telecoms QA Director,netcracker,Arbeitnow,"Belgium, UK, Netherlands, Germany, Italy",Europe,2026-10-02,,Quality Assurance,https://www.arbeitnow.ch/jobs/companies/netcracker/telecoms-qa-director-belgium-uk-netherlands-germany-italy-419950,3e7cd5ff630d5ec6
16,,"senior, remote, salary",True,Senior Software Development Engineer in Test (SDET),Flex,Jobicy,Anywhere,Worldwide,2026-10-07,"USD115,600 - USD170,000","Senior, QA & Testing",https://jobicy.com/jobs/154770-senior-software-development-engineer-in-test-sdet,29082cb06b5a89e5
16,,"senior, remote, salary",True,Staff Quality Engineer,StackAdapt,Jobicy,"Canada,  USA",,2026-10-04,"USD136,000 - USD187,000","Senior, QA & Testing",https://jobicy.com/jobs/152402-staff-quality-engineer,492c0b93f3a506e0
16,,"senior, remote, salary",True,Senior QA Engineer,Caylent,Jobicy,USA,,2026-10-02,"USD95,000 - USD119,000","Senior, QA & Testing",https://jobicy.com/jobs/152325-senior-qa-engineer-2,8284d21518c5f7ee
13,,"senior, remote",True,Lead QA Engineer,Current,WeWorkRemotely,Anywhere in the World,Worldwide,2026-10-07,,All Other Remote,https://weworkremotely.com/remote-jobs/current-lead-qa-engineer,61633a94c616923b
13,,"senior, remote",True,Senior QA Automation Engineer (Platform),Upgrade,Jobicy,USA,,2026-10-04,,"Senior, QA & Testing",https://jobicy.com/jobs/152407-senior-qa-automation-engineer-platform,d8a8d35225f02897
13,,"senior, remote",True,Senior QA Automation Developer (Platform),Upgrade,Jobicy,Canada,,2026-10-02,,"Senior, QA & Testing",https://jobicy.com/jobs/152334-senior-qa-automation-developer-platform,b3b3e69df0d607e8
8,,senior,True,Senior QA Engineer*,Haeger Consulting GmbH,Arbeitnow,Bonn,,2026-10-08,,"Software Development, berufserfahren",https://www.arbeitnow.com/jobs/companies/haeger-consulting-gmbh/senior-qa-engineer-bonn-339277,0e075fd53a7c4ee0
8,,senior,True,"Senior Fullstack Software Engineer, Quality Platform",Airbnb,Greenhouse:airbnb,Brazil,,2026-10-06,,Software Engineering,https://careers.airbnb.com/positions/8257826?gh_jid=8257826,532b475fd91d393e
8,,"remote, salary",False,Quality Engineer,StackAdapt,Jobicy,Canada,,2026-10-02,"CAD84,000 - CAD115,500",QA & Testing,https://jobicy.com/jobs/152330-quality-engineer-2,8c0d18124d068eb1
5,,remote,False,Workflow Developer & Tester,Webbing,Jobicy,Romania,,2026-10-07,,"Senior, Software Engineering",https://jobicy.com/jobs/143728-workflow-developer-tester,91de4d035f0134de
5,,remote,False,Manufacturing Quality Engineer,Gravis Robotics,Arbeitnow,Zurich,,2026-10-02,,"Manufacturing & Supply Chain, Full time",https://www.arbeitnow.ch/jobs/companies/gravis-robotics/manufacturing-quality-engineer-zurich-249758,f36082b9f6e9cfb1
5,,remote,False,Quality Assurance Rater - Spanish (ES),TELUS Digital,WorkingNomads,Global,Worldwide,2026-10-01,,"spanish, english, quality, annotation, Administration",https://www.workingnomads.com/job/go/1906010/,465c9e959b771535
0,,,False,Werkstudent Quality Assurance (m/w/d) - Medizinalcannabis,Semdor Pharma Group GmbH,Arbeitnow,Köln,,2026-10-08,,"Entry, Intern, Full or part time",https://www.arbeitnow.com/jobs/companies/semdor-pharma-group-gmbh/werkstudent-quality-assurance-medizinalcannabis-koln-62082,700b45f69b0ea452
0,,,False,Head of Quality Assurance (m/w/d),Semdor Pharma Group GmbH,Arbeitnow,Köln,,2026-10-08,,"Experienced, Permanent, Full time",https://www.arbeitnow.com/jobs/companies/semdor-pharma-group-gmbh/head-of-quality-assurance-koln-261704,7b2c73849c7cad8a
0,,,False,Environmental Test Engineer,Mynaric,Arbeitnow,München,,2026-10-08,,"Experienced, Permanent, Full time",https://www.arbeitnow.com/jobs/companies/mynaric/environmental-test-engineer-munchen-424367,00fa8de4e6999ea8
0,,,False,Flight Test Engineer,Alta Ares,Arbeitnow,Toulouse,,2026-10-08,,"Hardware, Full Time",https://www.arbeitnow.fr/jobs/companies/alta-ares/flight-test-engineer-blagnac-232953,970c4f636fa5dd17
0,,,False,"Early Career Mobile Software Engineer, Quality Platform",Airbnb,Greenhouse:airbnb,"São Paulo, Brazil",,2026-10-06,,Software Engineering,https://careers.airbnb.com/positions/8257855?gh_jid=8257855,e98fd9dfb148afe3
0,,,False,"Early Career Software Engineer, Quality Engineering",Airbnb,Greenhouse:airbnb,Sao Paulo - Brazil,,2026-09-30,,Software Engineering,https://careers.airbnb.com/positions/8154749?gh_jid=8154749,156ca9f8e50203a7
